{"loss": [1.1198991537094116, 0.29578593373298645, 0.1701924055814743, 0.12348499149084091, 0.09488507360219955, 0.08029065281152725, 0.06722620874643326, 0.05487149953842163, 0.04947064816951752, 0.04157744348049164, 0.033435314893722534, 0.029234135523438454, 0.0247469712048769, 0.021083461120724678, 0.02205173298716545, 0.020153678953647614, 0.015890825539827347, 0.01666230708360672, 0.014030808582901955, 0.01023257989436388, 0.010445437394082546, 0.007964540272951126, 0.0064815953373909, 0.005732876248657703, 0.00535960216075182, 0.004644586239010096, 0.004341084510087967, 0.00516135198995471, 0.004664701875299215, 0.004058589227497578, 0.0030743356328457594, 0.0024828920140862465, 0.002847550204023719, 0.002839392516762018, 0.002120201475918293, 0.0024355782661587, 0.0019341844599694014, 0.00165054842364043, 0.0020323500502854586, 0.001935954438522458, 0.001640863949432969, 0.0013447036035358906, 0.0011773885926231742, 0.0012276885099709034, 0.0009132638806477189, 0.000892101030331105, 0.0007766409544274211, 0.0006721157114952803, 0.0006488419021479785, 0.0006261614616960287], "accuracy": [0.6658848524093628, 0.9167022109031677, 0.9502843022346497, 0.9633262157440186, 0.9723525047302246, 0.9752665162086487, 0.9793532490730286, 0.9832978248596191, 0.985643208026886, 0.9883084297180176, 0.9911869168281555, 0.9923951625823975, 0.9943496584892273, 0.9954513311386108, 0.9945629239082336, 0.99509596824646, 0.996339738368988, 0.995877742767334, 0.9964107871055603, 0.9981876611709595, 0.997938871383667, 0.9986495971679688, 0.9991115927696228, 0.9995024800300598, 0.9994314312934875, 0.9996446371078491, 0.9996801614761353, 0.9994669556617737, 0.9993247985839844, 0.9994314312934875, 0.9997867941856384, 0.9998578429222107, 0.9997867941856384, 0.9996801614761353, 0.9998933672904968, 0.9997867941856384, 0.9999289512634277, 0.9999289512634277, 0.9998223185539246, 0.9998223185539246, 0.9999289512634277, 0.9998223185539246, 0.9998933672904968, 1.0, 1.0, 1.0, 1.0, 1.0, 1.0, 1.0], "val_loss": [2.128249406814575, 2.2328152656555176, 2.49467396736145, 2.798764944076538, 3.043231248855591, 3.269862174987793, 3.580490827560425, 3.7717955112457275, 3.9518189430236816, 4.073482513427734, 4.300516605377197, 4.340200424194336, 4.403085708618164, 4.518070697784424, 4.536027431488037, 4.663936614990234, 4.675075531005859, 4.495643615722656, 4.350298881530762, 4.138505935668945, 3.863187074661255, 3.6567280292510986, 3.2047629356384277, 2.8559961318969727, 2.3569369316101074, 1.7638988494873047, 1.3499854803085327, 0.9934289455413818, 0.7699757218360901, 0.6139634847640991, 0.3601592183113098, 0.3012026250362396, 0.2951761484146118, 0.21381348371505737, 0.1783238649368286, 0.16264882683753967, 0.13371478021144867, 0.11854884773492813, 0.10294237732887268, 0.10853979736566544, 0.10136214643716812, 0.08327779173851013, 0.0866905227303505, 0.07954356074333191, 0.07954011857509613, 0.0765472799539566, 0.08000068366527557, 0.07644517719745636, 0.07309672236442566, 0.0746120736002922], "val_accuracy": [0.22373737394809723, 0.11479076743125916, 0.11479076743125916, 0.11479076743125916, 0.11479076743125916, 0.11479076743125916, 0.11479076743125916, 0.11479076743125916, 0.11479076743125916, 0.11479076743125916, 0.11479076743125916, 0.11479076743125916, 0.11479076743125916, 0.11479076743125916, 0.11479076743125916, 0.11479076743125916, 0.11479076743125916, 0.11479076743125916, 0.11479076743125916, 0.11529581248760223, 0.12251082062721252, 0.124386727809906, 0.15317460894584656, 0.19718614220619202, 0.27864357829093933, 0.42554113268852234, 0.5479076504707336, 0.6689032912254333, 0.747474730014801, 0.8077200651168823, 0.8869408369064331, 0.9094516634941101, 0.9132034778594971, 0.9396825432777405, 0.9497835636138916, 0.9546176195144653, 0.9629870057106018, 0.9679653644561768, 0.9713563919067383, 0.9704906344413757, 0.9719336032867432, 0.9784992933273315, 0.9777056574821472, 0.9790043234825134, 0.9797979593276978, 0.9817460179328918, 0.9810966849327087, 0.9821068048477173, 0.9822511076927185, 0.9830447435379028]}